日期,人數
2021-04-01,4529528
2021-04-02,3308632
2021-04-03,3126960
2021-04-04,2759426
2021-04-05,2855648
2021-04-06,4190968
2021-04-07,4300036
2021-04-08,4324858
2021-04-09,4683534
2021-04-10,3710166
2021-04-11,3221402
2021-04-12,4222132
2021-04-13,4299008
2021-04-14,4339006
2021-04-15,4358532
2021-04-16,4722190
2021-04-17,3790472
2021-04-18,3092552
2021-04-19,4152632
2021-04-20,4302952
2021-04-21,4373240
2021-04-22,4429418
2021-04-23,4768162
2021-04-24,3984748
2021-04-25,3184162
2021-04-26,4198154
2021-04-27,4261566
2021-04-28,4418936
2021-04-29,4463518
2021-04-30,4029838
